id_rssd,name,city,filing_type,total_assets,total_loans_gross,ci_loans,cre_proxy_total,loan_to_asset_ratio,cre_to_loans,ci_to_loans
840363,FIRSTBANK SOUTHWEST,AMARILLO,51,1856094000.0,1354160000.0,300613000.0,713781000.0,0.7295751185015414,0.5271024103503279,0.2219922313463697
369659,FIRST NATIONAL BANK OF CENTRAL TEXAS,WACO,51,1605712000.0,1304938000.0,149858000.0,676490000.0,0.8126849646761063,0.518407771097171,0.11483917243577856
490450,NORTH DALLAS BANK & TRUST CO.,DALLAS,51,1870071000.0,1283655000.0,90914000.0,895042000.0,0.6864204621107969,0.697260556769537,0.07082432585079325
738769,COMMUNITY NATIONAL BANK & TRUST OF TEXAS,CORSICANA,51,1622684000.0,1188240000.0,152357000.0,889434000.0,0.7322682666495757,0.7485305998788123,0.1282207298188918
428060,CENTRAL NATIONAL BANK,WACO,51,1502874000.0,1146189000.0,129971000.0,546859000.0,0.7626647343689491,0.47711066848486594,0.11339403885397609
2625724,SOUTHWESTERN NATIONAL BANK,HOUSTON,51,1377158000.0,1129204000.0,79434000.0,954174000.0,0.819952394714332,0.8449970067410317,0.07034512807251835
885869,"COMMERCIAL BANK OF TEXAS, N.A.",NACOGDOCHES,51,1632426000.0,1110337000.0,151884000.0,560050000.0,0.6801760079783096,0.5043964129809239,0.13679090222157778
253356,MOODY NATIONAL BANK,GALVESTON,41,1567423000.0,1088870000.0,133237000.0,853530000.0,0.6946880325221717,0.7838676793372946,0.1223626328211816
283867,WALLIS BANK,WALLIS,51,1392348000.0,1085954000.0,162818000.0,893051000.0,0.7799443817206618,0.8223654040594721,0.1499308442162375
215662,AMERICAN BANK OF COMMERCE,WOLFFORTH,41,1691788000.0,1067640000.0,212168000.0,743551000.0,0.6310719782856954,0.6964435577535499,0.19872616237683113
980960,BENCHMARK BANK,PLANO,51,1539019000.0,1020460000.0,162751000.0,428668000.0,0.6630587406653199,0.420073300276346,0.1594878780157968
31255,CENTRAL BANK,HOUSTON,41,1318887000.0,1018545000.0,140644000.0,426880000.0,0.7722761692245053,0.4191076486556804,0.13808324619923518
435750,FIRST STATE BANK,GAINESVILLE,41,1822291000.0,997670000.0,121262000.0,634784000.0,0.5474811651926065,0.636266500947207,0.121545200316738
171768,"SOUTHSTAR BANK, S.S.B.",MOULTON,51,1288008000.0,994686000.0,16295000.0,436125000.0,0.7722669424413513,0.438454949602186,0.016382054236211228
375566,FIRST NATIONAL BANK,WICHITA FALLS,51,1154876000.0,984359000.0,48779000.0,314275000.0,0.8523503822055355,0.3192686814465048,0.04955407529163649
3465392,PEGASUS BANK,DALLAS,41,1540918000.0,947495000.0,301820000.0,420898000.0,0.6148899552085185,0.4442218692446926,0.31854521659744905
3619216,TEXAS SECURITY BANK,DALLAS,51,1348342000.0,938011000.0,178456000.0,567254000.0,0.6956773578216803,0.6047413090038389,0.19024936807777307
596062,"CITY NATIONAL BANK OF SULPHUR SPRINGS, THE",SULPHUR SPRINGS,51,1351861000.0,933283000.0,65588000.0,451557000.0,0.6903690542148934,0.4838371640756341,0.07027664706203798
601658,ALLIANCE BANK CENTRAL TEXAS,WOODWAY,51,1248145000.0,863719000.0,69333000.0,579005000.0,0.6920021311626454,0.670362698979645,0.08027263496577011
384652,"DALLAS CAPITAL BANK, NATIONAL ASSOCIATION",DALLAS,51,1130082000.0,856085000.0,123166000.0,386110000.0,0.7575423730313375,0.4510182984166292,0.14387122774023609
3472046,FRONTIER BANK OF TEXAS,ELGIN,51,1026318000.0,854579000.0,49785000.0,538760000.0,0.8326649245165728,0.630439081699878,0.058256755665655253
3284445,"T BANK, NATIONAL ASSOCIATION",DALLAS,51,979747000.0,835735000.0,306195000.0,470811000.0,0.8530110324400074,0.5633496263767821,0.3663780983206399
824653,TEXAS HERITAGE NATIONAL BANK,DAINGERFIELD,51,957796000.0,819528000.0,162825000.0,509449000.0,0.8556394054683878,0.621637088665671,0.19868143614373152
1429028,"KEYSTONE BANK, SSB",BEE CAVE,51,1018424000.0,814886000.0,154839000.0,494624000.0,0.8001441442856806,0.6069855169925609,0.19001308158441793
100357,"LEGEND BANK, N. A.",BOWIE,51,1212396000.0,813279000.0,97158000.0,426653000.0,0.6708031039363377,0.5246084062173005,0.11946453799987458
176464,ALLIANCE BANK,SULPHUR SPRINGS,51,1373996000.0,795942000.0,46899000.0,501122000.0,0.5792898960404542,0.629596126350915,0.058922635066374185
956750,RIO BANK,MCALLEN,51,1393727000.0,791246000.0,147892000.0,505294000.0,0.567719503173864,0.638605440027501,0.18691026558112142
895055,"FIRST NATIONAL BANK OF MCGREGOR, THE",MC GREGOR,51,1010945000.0,786082000.0,91466000.0,434489000.0,0.7775714801497609,0.5527273236125493,0.11635681773657201
3821037,R BANK,ROUND ROCK,41,1061920000.0,784064000.0,123678000.0,470293000.0,0.7383456380894983,0.599814555954616,0.15773967431230104
340751,CLEAR FORK BANK NATIONAL ASSOCIATION,ALBANY,51,984345000.0,776926000.0,164496000.0,394587000.0,0.789282213045223,0.5078823465812703,0.21172672815686436
819855,PEOPLES BANK,LUBBOCK,51,1156839000.0,767507000.0,71695000.0,432049000.0,0.6634518718680819,0.5629251589887779,0.09341282880807601
261360,CITIZENS STATE BANK,SOMERVILLE,51,1206192000.0,750339000.0,97690000.0,373795000.0,0.6220726053563612,0.4981681613244147,0.13019448542592083
497954,TEXAS NATIONAL BANK,MERCEDES,51,1176779000.0,736459000.0,123558000.0,434418000.0,0.6258260896905876,0.5898739780490156,0.16777308716439068
917555,UBANK,HUNTINGTON,51,906177000.0,718686000.0,155038000.0,476398000.0,0.7930967128938387,0.6628736332696059,0.21572425231603232
3166699,TOLLESON PRIVATE BANK,DALLAS,51,1010913000.0,713681000.0,55841000.0,115671000.0,0.7059766765290386,0.16207661406146442,0.07824364106652693
327855,CIERA BANK,GRAHAM,51,975431000.0,711523000.0,83857000.0,508137000.0,0.7294447275101981,0.7141540048599975,0.11785564205233
393953,"HOMETOWN BANK, NATIONAL ASSOCIATION",GALVESTON,51,997811000.0,693408000.0,53183000.0,514294000.0,0.6949292000188413,0.7416903179657576,0.07669799021643824
414764,TEXAS BANK,HENDERSON,51,935737000.0,692274000.0,36066000.0,439054000.0,0.739816850247452,0.6342199764833,0.05209786876294646
938859,NEWFIRST NATIONAL BANK,EL CAMPO,51,944404000.0,691145000.0,73778000.0,517458000.0,0.7318319278613814,0.7486967278935679,0.10674749871589898
199463,WESTERN BANK,LUBBOCK,51,844765000.0,685453000.0,148314000.0,349720000.0,0.8114126413854741,0.5102027418364206,0.21637369739427795
273662,FIRST STATE BANK OF UVALDE,UVALDE,51,1788521000.0,674527000.0,80619000.0,398280000.0,0.3771423427513571,0.5904582025626847,0.1195193076036986
739355,TEXAS NATIONAL BANK OF JACKSONVILLE,JACKSONVILLE,41,834839000.0,670068000.0,81726000.0,298947000.0,0.8026314055764046,0.4461442719246405,0.12196672576514622
18050,"FIRST NATIONAL BANK OF BASTROP, THE",BASTROP,51,1100844000.0,653137000.0,30535000.0,384192000.0,0.5933056818223109,0.5882257474312433,0.046751294138901944
972862,PLAINS STATE BANK,HUMBLE,51,882402000.0,649851000.0,73488000.0,506129000.0,0.7364568529989732,0.7788385337561995,0.1130843839587844
888552,"FIRST STATE BANK, THE",LOUISE,51,878760000.0,632561000.0,44781000.0,400838000.0,0.7198336292047885,0.6336748550732657,0.0707931725161684
583754,BANK OF HOUSTON,HOUSTON,51,744484000.0,624475000.0,84463000.0,393244000.0,0.8388024457207945,0.6297193642659834,0.13525441370751431
583268,SCHERTZ BANK & TRUST,SCHERTZ,51,770199000.0,617864000.0,46541000.0,522347000.0,0.8022134539255439,0.8454077272668419,0.07532563800447994
908861,"TRANSPECOS BANKS, SSB",PECOS,41,964795000.0,609708000.0,335603000.0,97392000.0,0.631956011380656,0.15973547993465725,0.5504323381028295
3690121,LIBERTY CAPITAL BANK,ADDISON,51,747269000.0,600885000.0,50608000.0,366220000.0,0.8041080253563309,0.6094677018065021,0.08422243856977625
3297490,HARMONY BANK,DALLAS,51,837883000.0,593684000.0,81740000.0,426349000.0,0.7085523873858284,0.7181413007593265,0.13768267293711806
726953,UNITED TEXAS BANK,DALLAS,41,1091686000.0,590788000.0,61300000.0,392894000.0,0.5411702632441929,0.6650338192380346,0.10375972430042588
444350,FIRST TEXAS BANK,GEORGETOWN,51,1295534000.0,588732000.0,25353000.0,439898000.0,0.4544319176494017,0.7471956679779594,0.04306373698049367
665865,ROUND TOP STATE BANK,ROUND TOP,51,943297000.0,586145000.0,20186000.0,307458000.0,0.6213790566491784,0.5245425619940458,0.034438577485093276
596156,CAPITAL BANK,HOUSTON,41,673384000.0,577304000.0,24978000.0,437281000.0,0.8573176671854396,0.7574536119618087,0.04326663248479137
844567,POINTBANK,PILOT POINT,51,1083598000.0,570687000.0,90135000.0,315737000.0,0.5266593330737045,0.5532577402323866,0.15794121821593973
239659,FIRST BANK,BURKBURNETT,51,677348000.0,567752000.0,58417000.0,305591000.0,0.8381983854680312,0.5382473333427271,0.10289175555524242
614368,FIRST NATIONAL BANK AND TRUST COMPANY OF WEATHERFORD DBA FIRST BANK TEXAS,WEATHERFORD,51,978794000.0,557039000.0,44374000.0,411202000.0,0.5691074935073162,0.7381924784440587,0.07966049055811172
839068,SECURITY STATE BANK,PEARSALL,51,949056000.0,556623000.0,28369000.0,484016000.0,0.5865017448917661,0.8695580311988546,0.05096627340228485
333856,GRANDVIEW BANK,GRANDVIEW,51,690146000.0,533160000.0,179813000.0,253506000.0,0.7725321888412017,0.4754782804411434,0.3372589841698552
494654,"AMERICAN BANK, NATIONAL ASSOCIATION",DALLAS,51,700010000.0,527888000.0,73477000.0,256420000.0,0.7541149412151255,0.48574697663140665,0.13919051010820477
404653,DOMINION BANK,DALLAS,51,662300000.0,526281000.0,183026000.0,315301000.0,0.7946263022799336,0.5991115012702339,0.3477723877548306
182951,"CLASSIC BANK, NATIONAL ASSOCIATION",CAMERON,51,648291000.0,524886000.0,32318000.0,251459000.0,0.8096456683804032,0.47907355120921497,0.061571465041932914
859552,BANK OF THE WEST,GRAPEVINE,41,829874000.0,509098000.0,42636000.0,330638000.0,0.6134642126395091,0.649458453971534,0.08374811922262511
329952,"FIRST NATIONAL BANK OF GRANBURY, THE",GRANBURY,41,992503000.0,502760000.0,34816000.0,241617000.0,0.5065576627979966,0.4805811918211473,0.06924974142732118
2568063,FIRST COMMAND BANK,FORT WORTH,51,1076009000.0,500482000.0,115775000.0,90984000.0,0.4651280797837193,0.18179275178727705,0.2313270007712565
556459,"KLEBERG BANK, N.A.",KINGSVILLE,51,734960000.0,498488000.0,87030000.0,229308000.0,0.6782518776532056,0.4600070613535331,0.1745879539728138
514655,"TEXAS GULF BANK, NATIONAL ASSOCIATION",HOUSTON,51,716112000.0,497981000.0,43049000.0,302042000.0,0.6953954130080211,0.6065331809848167,0.08644707328191237
561864,SOUTHWEST BANK,ODESSA,51,715606000.0,491660000.0,198058000.0,242968000.0,0.6870540492952826,0.49417890412073384,0.4028352926819347
264455,FIRST STATE BANK,ATHENS,51,762558000.0,490122000.0,32517000.0,202384000.0,0.6427340608845491,0.41292576134105385,0.06634470601197252
3150205,WORTHINGTON BANK,ARLINGTON,51,611422000.0,488891000.0,60720000.0,285211000.0,0.7995966779082205,0.5833836172071075,0.12419946368413409
262358,AMERICAN STATE BANK,ARP,51,672666000.0,485466000.0,21410000.0,348453000.0,0.7217043822640062,0.7177701425022556,0.044101955646739424
911160,PILGRIM BANK,PITTSBURG,51,723028000.0,484921000.0,18812000.0,290959000.0,0.6706808035096843,0.6000131980260702,0.038793947880170175
898579,"FIRST FEDERAL COMMUNITY BANK, SSB",PARIS,51,607976000.0,480154000.0,44130000.0,171488000.0,0.7897581483479611,0.35715208037421325,0.09190801284587861
869663,CITIZENS 1ST BANK,TYLER,51,819767000.0,479602000.0,8720000.0,365349000.0,0.5850467266918526,0.7617753887598467,0.01818174236137464
307361,AMERICAN BANK NATIONAL ASSOCIATION,WACO,51,625207000.0,474570000.0,42032000.0,244234000.0,0.7590605991295682,0.5146427292074931,0.0885685989422003
334264,FIRST COMMUNITY BANK,SAN BENITO,51,778915000.0,473132000.0,88024000.0,316660000.0,0.6074244301367928,0.669284681653323,0.1860453319581005
629353,FIRST LIBERTY BANK,LIBERTY,51,866367000.0,471847000.0,46461000.0,265473000.0,0.5446271614685232,0.5626251729903973,0.0984662401159698
448554,SAGE CAPITAL BANK,GONZALES,51,741121000.0,467081000.0,18313000.0,380113000.0,0.6302358184426025,0.813805314281677,0.03920733234706614
591366,"FIRST NATIONAL BANK OF SONORA, THE",SONORA,41,683680000.0,464616000.0,46454000.0,248509000.0,0.6795810905686871,0.5348696558017804,0.09998364240577165
339456,FIRST COMMUNITY BANK,CORPUS CHRISTI,41,661715000.0,456392000.0,43050000.0,279867000.0,0.6897108271687963,0.6132162702238426,0.09432680678013637
328357,"TITAN BANK, N.A.",MINERAL WELLS,41,819886000.0,448858000.0,2077000.0,217057000.0,0.5474639157151117,0.4835760975631491,0.004627298611142054
406059,NBT FINANCIAL BANK,FORT WORTH,51,588397000.0,444416000.0,84949000.0,237847000.0,0.7552995681487159,0.5351900021601382,0.19114748343894009
59352,CITIZENS NATIONAL BANK,CAMERON,51,660205000.0,424498000.0,14553000.0,322003000.0,0.642979074681349,0.7585500991759678,0.03428284703343714
445955,"FIRST NATIONAL BANK OF EAST TEXAS, THE",GILMER,51,614871000.0,418725000.0,71786000.0,195523000.0,0.6809965017052357,0.4669484745357932,0.17143948892471192
735067,"TEXAS REPUBLIC BANK, NATIONAL ASSOCIATION",FRISCO,51,503380000.0,408839000.0,49340000.0,282016000.0,0.8121876117446064,0.6897972062352172,0.12068320292340017
925653,BANK OF TEXAS,MIDLAND,51,525992000.0,406972000.0,149666000.0,240408000.0,0.7737227942630306,0.5907236861503986,0.36775502983006203
549862,"COMMUNITY BANK & TRUST, WACO, TEXAS",WACO,41,637595000.0,390961000.0,66794000.0,143976000.0,0.6131807809032379,0.36826179593360975,0.17084568537526762
623454,"BANK AND TRUST, SSB, THE",DEL RIO,51,584833000.0,372663000.0,32426000.0,118330000.0,0.6372126743873893,0.3175254854922544,0.08701158955946793
5382514,GULF CAPITAL BANK,HOUSTON,51,588671000.0,351359000.0,105482000.0,219511000.0,0.5968681997244641,0.6247484766293164,0.30021146462734694
371362,WELLINGTON STATE BANK,WELLINGTON,51,653212000.0,348294000.0,25114000.0,210836000.0,0.5332020844687483,0.6053391674849409,0.07210574974016205
77253,TXN BANK,HONDO,51,650179000.0,344243000.0,36971000.0,186391000.0,0.5294588105737036,0.5414518232759998,0.10739797178156128
521158,"SOUTHTRUST BANK, N.A.",GEORGE WEST,51,593611000.0,343625000.0,20583000.0,189486000.0,0.5788723591712418,0.551432520916697,0.059899599854492544
3185896,"TRINITY BANK, NATIONAL ASSOCIATION",FORT WORTH,51,553357000.0,343314000.0,172735000.0,155913000.0,0.6204204518963345,0.45414110697495585,0.5031399826397991
583352,FIRST NATIONAL BANK OF HUNTSVILLE,HUNTSVILLE,51,588832000.0,333778000.0,35271000.0,144758000.0,0.5668475898049019,0.4336954502693407,0.10567203350730126
744854,CITIZENS BANK,KILGORE,51,511745000.0,320606000.0,35627000.0,241761000.0,0.6264956179347135,0.7540750952882977,0.11112393404989301
400365,"FIRST COMMERCIAL BANK, NATIONAL ASSOCIATION",SEGUIN,51,558878000.0,310975000.0,18923000.0,181976000.0,0.5564273419243556,0.5851788728997508,0.06085055068735429
227357,"BRENHAM NATIONAL BANK, THE",BRENHAM,51,516582000.0,259531000.0,8281000.0,192633000.0,0.502400393354782,0.7422350316532514,0.031907556322751426
979759,"KARNES COUNTY NATIONAL BANK OF KARNES CITY, THE",KARNES CITY,51,549490000.0,228158000.0,21600000.0,169304000.0,0.41521774736573913,0.7420471778329053,0.09467123659919881
884358,FIRST STATE BANK OF LIVINGSTON,LIVINGSTON,51,706722000.0,220119000.0,15990000.0,52524000.0,0.3114647626648102,0.2386163847736906,0.07264252517956196
1012251,FIRST STATE BANK AND TRUST COMPANY,CARTHAGE,51,541904000.0,181209000.0,7786000.0,35820000.0,0.334393176651215,0.1976723010446501,0.042966960802167664
625159,COMMERCE BANK,LAREDO,41,736936000.0,158977000.0,36732000.0,64834000.0,0.21572701021526972,0.40781999911936945,0.23105229058291452
382069,INTERNATIONAL BANK OF COMMERCE,ZAPATA,41,512448000.0,142722000.0,25244000.0,60634000.0,0.2785102098164106,0.42483989854402265,0.1768753240565575
441050,"FALLS CITY NATIONAL BANK, THE",FALLS CITY,51,591271000.0,139761000.0,6768000.0,62910000.0,0.2363738454955511,0.45012557151136584,0.04842552643441304
169354,"STATE NATIONAL BANK OF BIG SPRING, THE",BIG SPRING,51,624190000.0,99666000.0,26038000.0,44925000.0,0.15967253560614555,0.4507555234483174,0.2612525836293219
339072,"COLONIAL SAVINGS, FA",FORT WORTH,41,675249000.0,87749000.0,9965000.0,49719000.0,0.12995058119301175,0.5666047476324516,0.11356254772134156
